feedback_id,customer_id,feedback_date,rating,comments
1,1,2025-01-27,2,Sharable
2,2,2024-07-05,2,stable
3,3,2025-01-29,2,"leading edge"
4,4,2024-08-05,2,Streamlined
5,5,2024-12-03,4,groupware
6,6,2024-06-04,3,well-modulated
7,7,2024-08-08,5,"24 hour"
8,8,2025-02-04,1,Multi-channelled
9,9,2024-07-28,4,secondary
10,10,2024-06-06,3,Customizable
11,11,2025-03-26,2,product
12,12,2024-09-25,2,throughput
13,13,2025-03-06,2,Down-sized
14,14,2025-04-25,5,Distributed
15,15,2024-06-30,3,"system engine"
16,16,2024-12-27,4,well-modulated
17,17,2024-07-14,4,Phased
18,18,2025-05-03,5,homogeneous
19,19,2024-08-07,3,hierarchy
20,20,2025-02-01,5,homogeneous
21,21,2024-09-10,1,foreground
22,22,2024-11-18,4,benchmark
23,23,2024-09-25,3,Balanced
24,24,2024-07-22,5,attitude-oriented
25,25,2024-05-27,2,emulation
26,26,2025-03-13,2,multi-tasking
27,27,2024-07-13,5,Upgradable
28,28,2024-11-18,1,directional
29,29,2024-10-31,2,Proactive
30,30,2025-02-24,5,Virtual
31,31,2024-10-05,2,Centralized
32,32,2024-07-11,4,migration
33,33,2025-04-02,1,challenge
34,34,2025-03-12,5,didactic
35,35,2025-02-27,1,emulation
36,36,2025-02-26,3,Managed
37,37,2025-04-20,5,dedicated
38,38,2025-02-24,2,mobile
39,39,2025-03-03,3,analyzer
40,40,2024-08-12,5,hardware
41,41,2024-12-03,4,"zero administration"
42,42,2024-08-17,1,Upgradable
43,43,2024-06-16,3,Object-based
44,44,2025-05-06,1,"24 hour"
45,45,2024-05-25,2,Switchable
46,46,2024-10-15,1,matrices
47,47,2024-10-26,1,application
48,48,2024-09-06,3,moratorium
49,49,2025-02-06,3,impactful
50,50,2024-12-28,3,explicit
51,51,2024-05-29,2,product
52,52,2025-04-21,2,"pricing structure"
53,53,2025-01-03,1,methodology
54,54,2024-11-26,1,definition
55,55,2025-01-07,2,Right-sized
56,56,2024-12-28,5,task-force
57,57,2024-12-17,2,tertiary
58,58,2024-06-09,1,Programmable
59,59,2024-11-04,5,bi-directional
60,60,2024-11-05,2,Customizable
61,61,2025-03-06,1,attitude-oriented
62,62,2024-08-11,5,client-driven
63,63,2024-10-12,5,challenge
64,64,2024-12-25,3,functionalities
65,65,2024-12-09,1,time-frame
66,66,2025-05-16,5,architecture
67,67,2024-12-05,3,conglomeration
68,68,2024-07-28,1,Expanded
69,69,2025-04-28,1,asynchronous
70,70,2024-12-01,3,Networked
71,71,2024-07-20,3,forecast
72,72,2024-12-03,5,Reduced
73,73,2024-06-02,3,grid-enabled
74,74,2025-04-10,4,Operative
75,75,2025-04-20,2,systemic
76,76,2024-08-13,4,interface
77,77,2024-06-05,2,modular
78,78,2024-07-12,3,encompassing
79,79,2024-06-30,1,synergy
80,80,2025-01-04,2,"knowledge base"
81,81,2024-11-13,2,middleware
82,82,2024-06-21,3,"knowledge base"
83,83,2024-12-06,1,utilisation
84,84,2025-04-08,2,portal
85,85,2024-05-29,5,Optional
86,86,2024-07-03,3,monitoring
87,87,2025-02-26,3,encompassing
88,88,2024-11-24,1,optimal
89,89,2025-05-07,4,real-time
90,90,2025-04-15,3,archive
91,91,2025-03-21,1,hub
92,92,2024-08-28,4,website
93,93,2024-05-31,1,Distributed
94,94,2025-05-07,2,"4th generation"
95,95,2025-05-17,5,info-mediaries
96,96,2025-02-22,5,interface
97,97,2024-11-12,1,info-mediaries
98,98,2025-05-22,3,synergy
99,99,2024-08-13,4,"5th generation"
100,100,2024-11-26,4,mission-critical
101,101,2025-02-08,4,Streamlined
102,102,2024-09-26,1,Multi-lateral
103,103,2025-01-24,4,optimal
104,104,2025-03-03,5,policy
105,105,2024-12-06,4,"knowledge base"
106,106,2025-01-31,4,object-oriented
107,107,2024-05-30,1,interface
108,108,2025-01-10,2,neutral
109,109,2025-04-16,4,"Graphic Interface"
110,110,2024-09-04,5,capability
111,111,2024-07-28,3,alliance
112,112,2024-12-04,1,real-time
113,113,2025-02-07,1,Business-focused
114,114,2024-06-09,1,bottom-line
115,115,2025-04-16,4,Mandatory
116,116,2024-05-23,2,contingency
117,117,2025-03-06,3,Ameliorated
118,118,2024-08-22,1,fault-tolerant
119,119,2024-07-22,1,toolset
120,120,2024-09-03,4,concept
121,121,2024-08-30,1,algorithm
122,122,2025-01-22,3,function
123,123,2024-10-31,2,Right-sized
124,124,2025-04-09,1,"open system"
125,125,2024-07-25,1,Persevering
126,126,2024-07-17,1,executive
127,127,2024-11-12,4,scalable
128,128,2024-12-27,3,access
129,129,2024-08-25,4,Multi-tiered
130,130,2024-11-02,3,database
131,131,2024-08-24,1,Object-based
132,132,2025-01-20,4,standardization
133,133,2024-12-01,5,Down-sized
134,134,2024-08-05,1,Assimilated
135,135,2024-08-13,2,Multi-layered
136,136,2025-03-08,1,Organized
137,137,2024-10-07,4,maximized
138,138,2024-08-31,4,contingency
139,139,2024-08-10,4,fault-tolerant
140,140,2024-10-22,5,"24 hour"
141,141,2024-07-07,2,multi-state
142,142,2024-10-14,3,task-force
143,143,2025-03-04,2,neural-net
144,144,2025-01-07,2,bifurcated
145,145,2024-09-28,2,Seamless
146,146,2024-07-29,2,moderator
147,147,2024-05-28,5,Total
148,148,2025-05-17,1,functionalities
149,149,2025-02-01,1,Realigned
150,150,2024-12-03,2,definition
151,151,2025-02-18,4,Optimized
152,152,2024-11-09,3,coherent
153,153,2025-01-15,5,actuating
154,154,2024-06-23,4,neutral
155,155,2024-07-12,1,Organic
156,156,2024-06-03,2,"3rd generation"
157,157,2025-05-03,5,needs-based
158,158,2025-01-19,5,composite
159,159,2025-03-25,5,methodical
160,160,2025-05-04,3,implementation
161,161,2024-09-01,4,"zero administration"
162,162,2024-10-30,1,Optional
163,163,2024-09-03,2,disintermediate
164,164,2025-03-05,3,asynchronous
165,165,2025-05-17,3,cohesive
166,166,2024-10-19,3,Universal
167,167,2025-01-30,4,methodology
168,168,2024-09-20,3,projection
169,169,2024-10-12,3,Quality-focused
170,170,2024-09-22,4,multimedia
171,171,2025-03-07,3,Implemented
172,172,2025-03-26,1,task-force
173,173,2025-03-20,2,support
174,174,2024-07-29,3,cohesive
175,175,2025-05-14,2,system-worthy
176,176,2025-03-24,5,Realigned
177,177,2024-08-02,1,product
178,178,2025-02-05,1,"4th generation"
179,179,2024-10-07,3,static
180,180,2025-03-09,5,software
181,181,2024-09-13,3,fault-tolerant
182,182,2024-05-24,3,full-range
183,183,2024-11-01,2,"local area network"
184,184,2025-01-28,4,"4th generation"
185,185,2025-03-31,5,encoding
186,186,2024-09-18,3,superstructure
187,187,2025-01-10,5,info-mediaries
188,188,2025-02-28,4,cohesive
189,189,2024-07-05,2,Devolved
190,190,2025-04-10,4,Switchable
191,191,2025-01-21,3,attitude-oriented
192,192,2025-03-18,3,encompassing
193,193,2024-07-07,1,capability
194,194,2025-03-14,1,Integrated
195,195,2025-02-08,3,leverage
196,196,2024-10-17,5,monitoring
197,197,2025-02-04,4,Phased
198,198,2025-01-05,3,Balanced
199,199,2024-06-01,1,Seamless
200,200,2024-08-31,1,throughput
201,201,2025-03-21,5,"open architecture"
202,202,2025-05-04,4,Cross-platform
203,203,2024-06-13,4,Cross-group
204,204,2024-08-29,3,orchestration
205,205,2024-08-14,1,Adaptive
206,206,2024-11-27,1,Down-sized
207,207,2025-05-09,1,national
208,208,2024-07-07,4,incremental
209,209,2024-06-15,4,Adaptive
210,210,2024-10-26,5,User-centric
211,211,2024-12-07,2,framework
212,212,2025-03-30,3,Intuitive
213,213,2024-08-02,2,initiative
214,214,2024-10-13,3,Inverse
215,215,2024-11-14,5,framework
216,216,2025-01-21,3,homogeneous
217,217,2025-05-13,3,Optimized
218,218,2024-09-14,2,synergy
219,219,2024-08-08,5,asymmetric
220,220,2025-01-16,1,neutral
221,221,2024-09-25,2,Public-key
222,222,2024-07-22,2,Phased
223,223,2024-06-06,3,Optimized
224,224,2024-12-12,3,paradigm
225,225,2024-08-02,4,core
226,226,2025-01-18,2,ability
227,227,2024-06-11,3,multi-tasking
228,228,2025-02-09,4,incremental
229,229,2025-01-01,5,asynchronous
230,230,2024-06-21,3,Front-line
231,231,2024-12-19,3,frame
232,232,2024-06-24,4,Function-based
233,233,2024-08-17,3,full-range
234,234,2025-01-10,5,"Graphical User Interface"
235,235,2024-07-25,1,demand-driven
236,236,2024-12-16,5,Polarised
237,237,2024-09-26,3,application
238,238,2025-05-17,4,bifurcated
239,239,2024-08-05,5,Inverse
240,240,2024-07-26,4,complexity
241,241,2024-10-17,5,Fully-configurable
242,242,2024-12-29,1,encoding
243,243,2025-02-09,5,neural-net
244,244,2024-09-08,2,Front-line
245,245,2025-03-31,2,"leading edge"
246,246,2025-02-12,5,Reactive
247,247,2024-08-11,2,Seamless
248,248,2025-04-04,1,Devolved
249,249,2024-07-02,1,architecture
250,250,2025-01-18,2,explicit
251,251,2025-04-28,2,"internet solution"
252,252,2024-07-10,3,Organized
253,253,2024-07-19,2,bi-directional
254,254,2024-08-06,3,toolset
255,255,2025-05-07,5,"Graphical User Interface"
256,256,2024-12-12,2,projection
257,257,2025-02-16,2,regional
258,258,2024-08-16,1,array
259,259,2025-02-21,4,help-desk
260,260,2025-02-05,4,Function-based
261,261,2025-05-20,5,Enterprise-wide
262,262,2024-09-01,1,Advanced
263,263,2024-10-18,1,"local area network"
264,264,2024-07-25,2,logistical
265,265,2025-01-16,5,software
266,266,2025-03-06,3,array
267,267,2024-10-15,4,Secured
268,268,2024-11-07,1,model
269,269,2024-10-18,4,help-desk
270,270,2025-04-01,2,Re-engineered
271,271,2024-09-13,1,utilisation
272,272,2024-07-30,2,cohesive
273,273,2024-09-06,1,Managed
274,274,2024-05-24,4,moderator
275,275,2024-12-06,1,"5th generation"
276,276,2025-05-08,3,demand-driven
277,277,2025-05-03,1,Persistent
278,278,2025-04-26,3,grid-enabled
279,279,2024-12-27,2,Horizontal
280,280,2024-12-23,4,systematic
281,281,2024-09-01,3,secondary
282,282,2024-08-09,2,web-enabled
283,283,2025-03-31,4,uniform
284,284,2024-12-22,2,approach
285,285,2024-09-13,1,"zero defect"
286,286,2024-11-11,3,non-volatile
287,287,2025-04-30,3,fresh-thinking
288,288,2024-10-12,5,client-driven
289,289,2025-04-28,1,Future-proofed
290,290,2024-06-30,5,Ergonomic
291,291,2024-06-13,2,dedicated
292,292,2024-07-11,4,Exclusive
293,293,2024-06-01,5,Fundamental
294,294,2024-09-08,2,Customizable
295,295,2024-09-10,5,capacity
296,296,2025-05-21,3,firmware
297,297,2025-03-24,1,"24 hour"
298,298,2025-04-30,2,Team-oriented
299,299,2024-10-18,4,Future-proofed
300,300,2024-09-09,3,system-worthy
301,301,2024-11-11,2,Streamlined
302,302,2025-05-15,5,moratorium
303,303,2024-11-27,2,emulation
304,304,2025-05-17,5,"zero tolerance"
305,305,2024-07-18,5,Right-sized
306,306,2024-08-10,1,asynchronous
307,307,2024-12-01,3,explicit
308,308,2025-03-29,4,system-worthy
309,309,2024-10-28,1,Persevering
310,310,2025-03-01,5,"zero administration"
311,311,2024-06-23,2,"open architecture"
312,312,2024-09-16,4,Optional
313,313,2024-08-22,4,contingency
314,314,2024-07-25,4,portal
315,315,2024-08-19,3,firmware
316,316,2025-04-23,4,encoding
317,317,2025-01-30,1,database
318,318,2025-01-04,4,Innovative
319,319,2024-08-05,3,Triple-buffered
320,320,2024-10-25,1,transitional
321,321,2024-06-11,3,superstructure
322,322,2025-05-17,2,Extended
323,323,2025-03-22,5,impactful
324,324,2024-10-14,2,Grass-roots
325,325,2025-05-01,1,methodology
326,326,2024-07-03,2,"next generation"
327,327,2025-02-18,2,systemic
328,328,2025-01-09,3,Progressive
329,329,2025-01-29,5,Advanced
330,330,2024-09-24,2,multi-tasking
331,331,2024-09-11,3,benchmark
332,332,2024-07-30,3,software
333,333,2024-08-20,5,capability
334,334,2025-04-01,2,policy
335,335,2024-06-19,5,Persistent
336,336,2025-03-18,4,Automated
337,337,2024-11-14,1,asymmetric
338,338,2024-12-07,4,"secured line"
339,339,2025-02-28,2,attitude
340,340,2025-05-12,4,Intuitive
341,341,2024-07-27,1,Secured
342,342,2025-03-27,2,Intuitive
343,343,2024-11-16,2,object-oriented
344,344,2025-03-04,3,benchmark
345,345,2025-05-17,3,"5th generation"
346,346,2025-05-22,1,leverage
347,347,2024-07-29,5,Configurable
348,348,2025-04-19,4,Profit-focused
349,349,2025-02-14,4,Seamless
350,350,2024-07-02,5,Reverse-engineered
351,351,2024-06-09,3,service-desk
352,352,2025-03-09,5,bottom-line
353,353,2024-07-23,1,Future-proofed
354,354,2025-04-08,5,web-enabled
355,355,2024-06-27,2,Business-focused
356,356,2024-12-23,1,database
357,357,2025-02-27,4,grid-enabled
358,358,2024-06-07,1,User-friendly
359,359,2025-03-20,5,optimal
360,360,2024-12-12,2,human-resource
361,361,2025-04-11,5,workforce
362,362,2025-02-25,2,interactive
363,363,2025-04-09,3,"6th generation"
364,364,2024-09-25,1,Fundamental
365,365,2024-08-22,3,national
366,366,2024-10-22,4,Diverse
367,367,2024-06-07,3,mission-critical
368,368,2024-07-05,4,Configurable
369,369,2024-08-27,3,portal
370,370,2025-05-04,3,Virtual
371,371,2025-02-27,2,Public-key
372,372,2024-07-28,5,software
373,373,2025-03-26,2,"budgetary management"
374,374,2024-08-08,5,"Face to face"
375,375,2024-11-04,5,service-desk
376,376,2025-02-03,1,Operative
377,377,2024-10-24,2,Synchronised
378,378,2024-08-13,2,throughput
379,379,2024-12-01,5,multi-tasking
380,380,2024-10-02,4,collaboration
381,381,2025-03-27,2,static
382,382,2024-10-12,1,Distributed
383,383,2024-09-27,4,"Face to face"
384,384,2024-08-25,3,Optional
385,385,2024-12-12,2,Open-architected
386,386,2025-05-05,4,moratorium
387,387,2024-10-02,2,needs-based
388,388,2024-06-04,1,Switchable
389,389,2025-04-04,1,interface
390,390,2024-10-12,1,Focused
391,391,2024-08-14,2,Automated
392,392,2025-05-07,4,Optional
393,393,2025-03-30,5,Total
394,394,2024-09-17,1,encompassing
395,395,2024-07-31,1,needs-based
396,396,2024-11-26,3,data-warehouse
397,397,2024-08-07,1,success
398,398,2025-05-19,3,even-keeled
399,399,2024-12-06,4,Diverse
400,400,2024-09-15,5,analyzer
401,401,2024-07-07,3,national
402,402,2025-01-21,4,bottom-line
403,403,2024-08-29,4,Grass-roots
404,404,2024-07-06,4,Decentralized
405,405,2024-05-27,2,contextually-based
406,406,2025-04-13,5,Monitored
407,407,2025-03-05,2,cohesive
408,408,2025-04-20,1,installation
409,409,2025-05-15,1,non-volatile
410,410,2025-03-26,2,Upgradable
411,411,2025-04-02,1,didactic
412,412,2024-11-04,2,Polarised
413,413,2025-01-30,4,User-centric
414,414,2024-12-13,2,Universal
415,415,2024-10-03,4,Total
416,416,2024-12-07,5,responsive
417,417,2024-08-06,5,bandwidth-monitored
418,418,2024-09-23,5,conglomeration
419,419,2024-12-16,4,orchestration
420,420,2024-08-02,4,policy
421,421,2024-07-06,2,mobile
422,422,2025-04-18,5,productivity
423,423,2025-05-16,4,incremental
424,424,2025-03-17,2,Optimized
425,425,2024-12-01,5,Organic
426,426,2025-02-20,3,"local area network"
427,427,2025-04-23,2,Extended
428,428,2024-07-16,3,flexibility
429,429,2024-07-27,2,even-keeled
430,430,2025-02-24,5,Organic
431,431,2024-08-03,3,hierarchy
432,432,2025-01-15,4,local
433,433,2024-12-22,5,functionalities
434,434,2024-11-22,2,clear-thinking
435,435,2024-12-04,5,Configurable
436,436,2024-12-30,4,24/7
437,437,2024-12-31,5,circuit
438,438,2024-12-27,5,"instruction set"
439,439,2024-10-30,5,secondary
440,440,2025-03-27,4,holistic
441,441,2025-03-29,2,product
442,442,2024-06-28,2,extranet
443,443,2024-07-08,5,"instruction set"
444,444,2024-08-14,2,success
445,445,2024-07-29,5,array
446,446,2025-05-18,5,Decentralized
447,447,2025-04-18,4,Centralized
448,448,2024-12-10,2,hardware
449,449,2024-06-16,2,hierarchy
450,450,2024-12-29,2,Up-sized
451,451,2024-09-05,3,Upgradable
452,452,2025-02-26,3,multimedia
453,453,2025-04-16,5,tertiary
454,454,2025-05-01,2,"leading edge"
455,455,2025-03-30,2,definition
456,456,2024-09-16,5,Triple-buffered
457,457,2025-03-14,4,Multi-tiered
458,458,2024-06-15,2,multi-tasking
459,459,2024-08-13,3,productivity
460,460,2024-09-23,5,Switchable
461,461,2024-06-10,1,Up-sized
462,462,2024-09-28,2,Total
463,463,2024-09-11,2,Operative
464,464,2025-05-04,2,systematic
465,465,2025-05-12,2,Multi-tiered
466,466,2024-11-24,3,algorithm
467,467,2025-04-26,4,Configurable
468,468,2024-08-25,4,Seamless
469,469,2024-05-30,4,infrastructure
470,470,2024-10-30,1,global
471,471,2025-02-15,5,Exclusive
472,472,2024-07-14,4,methodology
473,473,2024-07-09,1,flexibility
474,474,2024-08-11,1,secondary
475,475,2024-11-03,2,support
476,476,2024-06-12,4,matrices
477,477,2024-05-24,2,global
478,478,2025-03-26,4,explicit
479,479,2025-04-09,5,neural-net
480,480,2025-05-07,2,Up-sized
481,481,2025-04-26,5,content-based
482,482,2024-08-25,1,Diverse
483,483,2024-11-13,2,logistical
484,484,2025-04-12,4,non-volatile
485,485,2024-06-07,5,fault-tolerant
486,486,2025-04-14,3,"customer loyalty"
487,487,2025-01-27,2,user-facing
488,488,2025-02-14,1,neutral
489,489,2025-04-12,4,bi-directional
490,490,2025-03-15,4,software
491,491,2025-05-07,1,Synergistic
492,492,2025-04-27,2,Diverse
493,493,2024-06-11,1,actuating
494,494,2025-03-11,3,Multi-lateral
495,495,2024-08-14,5,Universal
496,496,2024-08-19,3,Enterprise-wide
497,497,2025-03-26,5,migration
498,498,2025-01-09,5,functionalities
499,499,2024-07-16,4,Object-based
500,500,2024-09-14,5,Organic
501,501,2024-12-09,2,Fully-configurable
502,502,2024-11-25,2,encoding
503,503,2025-02-09,5,neural-net
504,504,2025-02-02,5,optimizing
505,505,2025-03-24,3,Switchable
506,506,2025-05-18,5,object-oriented
507,507,2025-02-02,3,projection
508,508,2024-09-27,5,Operative
509,509,2024-09-07,5,groupware
510,510,2025-04-04,1,info-mediaries
511,511,2024-12-25,5,directional
512,512,2024-09-19,1,Multi-channelled
513,513,2024-09-27,4,Object-based
514,514,2024-09-16,1,Exclusive
515,515,2025-05-11,5,initiative
516,516,2025-05-11,4,Reactive
517,517,2025-02-02,4,asymmetric
518,518,2024-07-29,2,explicit
519,519,2025-03-08,5,Synchronised
520,520,2024-05-26,3,initiative
521,521,2024-09-04,1,modular
522,522,2025-05-20,2,Implemented
523,523,2025-01-13,5,application
524,524,2025-01-18,4,access
525,525,2024-08-31,3,asymmetric
526,526,2024-07-11,1,User-centric
527,527,2024-09-25,1,array
528,528,2025-05-11,2,needs-based
529,529,2024-08-12,1,Devolved
530,530,2024-09-13,5,firmware
531,531,2024-10-22,1,upward-trending
532,532,2024-07-28,1,Down-sized
533,533,2024-06-01,3,"budgetary management"
534,534,2025-02-16,5,synergy
535,535,2025-03-29,4,collaboration
536,536,2025-01-28,3,"leading edge"
537,537,2025-04-21,4,coherent
538,538,2024-10-19,4,Enterprise-wide
539,539,2025-01-06,2,utilisation
540,540,2024-10-09,1,matrix
541,541,2024-12-30,4,modular
542,542,2025-03-28,2,Enterprise-wide
543,543,2025-03-27,5,Advanced
544,544,2024-09-04,2,Up-sized
545,545,2025-01-17,1,service-desk
546,546,2025-05-01,5,multi-tasking
547,547,2025-04-17,4,extranet
548,548,2025-04-19,1,Managed
549,549,2024-08-14,5,Open-source
550,550,2024-07-15,1,ability
551,551,2024-10-03,1,local
552,552,2024-11-16,4,Self-enabling
553,553,2024-10-25,1,Total
554,554,2025-03-14,4,asynchronous
555,555,2025-03-10,2,Progressive
556,556,2024-09-23,1,migration
557,557,2024-10-25,4,workforce
558,558,2025-02-25,5,interface
559,559,2025-04-04,5,"process improvement"
560,560,2024-09-06,1,actuating
561,561,2024-06-22,5,data-warehouse
562,562,2025-01-01,1,Networked
563,563,2024-11-05,1,exuding
564,564,2024-06-11,1,Mandatory
565,565,2024-07-13,3,Switchable
566,566,2024-09-14,4,Cloned
567,567,2025-02-19,1,logistical
568,568,2024-10-03,2,Balanced
569,569,2024-08-12,4,Proactive
570,570,2024-11-16,5,"artificial intelligence"
571,571,2024-06-05,4,cohesive
572,572,2025-01-31,3,matrices
573,573,2025-03-14,3,bifurcated
574,574,2025-03-16,2,hub
575,575,2024-11-30,3,stable
576,576,2025-02-23,4,"Graphical User Interface"
577,577,2025-04-03,5,client-server
578,578,2025-05-18,4,interactive
579,579,2025-03-22,2,contextually-based
580,580,2024-07-06,1,Extended
581,581,2024-07-17,5,Optimized
582,582,2025-03-16,5,Assimilated
583,583,2025-01-31,4,definition
584,584,2025-03-30,1,even-keeled
585,585,2024-10-13,1,"secured line"
586,586,2024-09-21,3,utilisation
587,587,2024-11-11,5,"next generation"
588,588,2024-05-31,2,analyzer
589,589,2024-11-05,2,Down-sized
590,590,2025-03-09,3,responsive
591,591,2024-11-10,3,Right-sized
592,592,2024-07-13,4,emulation
593,593,2024-11-29,3,Automated
594,594,2024-08-21,2,orchestration
595,595,2024-06-02,2,Re-engineered
596,596,2024-09-08,2,content-based
597,597,2024-06-23,5,directional
598,598,2024-08-28,4,Persevering
599,599,2025-02-20,1,fresh-thinking
600,600,2024-07-10,5,migration
601,601,2025-03-02,4,"process improvement"
602,602,2024-11-23,5,Object-based
603,603,2024-07-26,3,info-mediaries
604,604,2024-11-16,1,"system engine"
605,605,2025-04-01,3,scalable
606,606,2024-08-30,4,bi-directional
607,607,2025-04-02,3,Advanced
608,608,2024-07-04,2,"focus group"
609,609,2025-02-25,2,middleware
610,610,2025-01-08,4,extranet
611,611,2024-12-05,4,Phased
612,612,2024-11-05,5,uniform
613,613,2025-05-18,2,mobile
614,614,2024-10-02,4,static
615,615,2024-08-07,1,benchmark
616,616,2025-02-16,1,intangible
617,617,2025-05-07,3,full-range
618,618,2024-06-17,4,"Graphical User Interface"
619,619,2025-02-01,1,circuit
620,620,2024-07-10,3,"system engine"
621,621,2025-01-27,5,intangible
622,622,2024-08-25,5,adapter
623,623,2025-01-24,5,"internet solution"
624,624,2024-11-14,1,maximized
625,625,2025-04-03,2,Customizable
626,626,2024-10-26,1,Reduced
627,627,2024-12-30,4,Future-proofed
628,628,2024-10-13,3,Open-architected
629,629,2025-02-14,2,moratorium
630,630,2025-01-25,5,matrix
631,631,2025-01-29,2,circuit
632,632,2024-05-31,2,matrices
633,633,2024-06-16,1,hybrid
634,634,2025-01-17,2,extranet
635,635,2025-05-13,5,hub
636,636,2025-04-28,3,Distributed
637,637,2024-08-28,3,interactive
638,638,2025-05-05,2,Business-focused
639,639,2024-12-26,2,"process improvement"
640,640,2024-07-22,5,Public-key
641,641,2024-07-03,4,Inverse
642,642,2024-11-09,4,software
643,643,2024-10-02,1,client-server
644,644,2024-11-26,4,upward-trending
645,645,2024-10-29,4,regional
646,646,2024-08-31,4,clear-thinking
647,647,2024-08-04,1,fresh-thinking
648,648,2025-02-05,3,context-sensitive
649,649,2024-12-27,4,contingency
650,650,2025-01-12,1,model
651,651,2024-08-14,4,orchestration
652,652,2024-08-26,5,Quality-focused
653,653,2024-11-09,3,cohesive
654,654,2024-06-30,4,access
655,655,2024-08-26,3,Proactive
656,656,2024-05-24,3,"24 hour"
657,657,2024-12-30,1,Fundamental
658,658,2024-07-07,2,incremental
659,659,2025-02-09,5,regional
660,660,2025-02-07,4,empowering
661,661,2025-03-13,3,local
662,662,2024-07-23,1,Automated
663,663,2024-12-07,2,Reduced
664,664,2024-11-02,3,synergy
665,665,2025-04-26,3,context-sensitive
666,666,2024-12-25,3,Switchable
667,667,2024-10-17,5,full-range
668,668,2024-11-15,2,Customer-focused
669,669,2024-10-19,1,fresh-thinking
670,670,2024-07-06,1,Polarised
671,671,2024-05-24,5,fault-tolerant
672,672,2024-07-08,2,static
673,673,2024-11-16,3,Phased
674,674,2024-08-30,1,algorithm
675,675,2024-09-06,1,"local area network"
676,676,2025-02-19,4,non-volatile
677,677,2025-03-03,2,utilisation
678,678,2024-08-21,1,Visionary
679,679,2024-06-26,3,Versatile
680,680,2024-09-30,2,definition
681,681,2024-11-23,2,"zero defect"
682,682,2024-10-11,3,optimal
683,683,2025-05-05,5,Business-focused
684,684,2024-08-03,3,tangible
685,685,2024-11-19,5,Visionary
686,686,2024-07-10,4,empowering
687,687,2024-06-04,5,composite
688,688,2024-06-12,1,project
689,689,2025-04-30,3,"focus group"
690,690,2024-11-20,3,background
691,691,2025-03-05,4,"Face to face"
692,692,2024-09-09,2,optimal
693,693,2024-12-31,3,exuding
694,694,2025-01-21,3,matrices
695,695,2025-01-11,4,installation
696,696,2024-12-19,2,architecture
697,697,2024-11-24,5,"pricing structure"
698,698,2025-01-06,1,Grass-roots
699,699,2025-03-15,2,"budgetary management"
700,700,2024-12-23,4,alliance
701,701,2025-04-02,3,attitude-oriented
702,702,2024-06-04,5,Progressive
703,703,2024-07-16,3,composite
704,704,2024-10-11,5,Total
705,705,2024-10-02,1,middleware
706,706,2024-11-23,1,success
707,707,2024-12-17,1,policy
708,708,2025-03-10,3,Enhanced
709,709,2024-12-18,5,Function-based
710,710,2025-04-22,5,User-friendly
711,711,2025-05-16,1,Adaptive
712,712,2025-01-01,1,initiative
713,713,2025-05-20,4,"knowledge base"
714,714,2024-09-01,3,Public-key
715,715,2024-08-05,4,asynchronous
716,716,2025-01-21,1,needs-based
717,717,2025-03-29,1,Re-contextualized
718,718,2024-08-01,2,software
719,719,2025-04-18,5,array
720,720,2025-02-12,4,collaboration
721,721,2024-10-16,2,infrastructure
722,722,2024-06-14,2,foreground
723,723,2025-02-28,1,heuristic
724,724,2024-07-18,4,coherent
725,725,2024-08-29,3,Integrated
726,726,2024-09-05,5,Future-proofed
727,727,2024-07-27,5,real-time
728,728,2024-11-18,3,tertiary
729,729,2024-08-15,2,website
730,730,2025-02-28,5,hybrid
731,731,2025-04-18,5,Multi-channelled
732,732,2024-12-24,4,stable
733,733,2024-09-28,1,standardization
734,734,2024-08-04,2,motivating
735,735,2024-08-24,5,Multi-layered
736,736,2024-08-31,4,client-driven
737,737,2024-09-26,3,web-enabled
738,738,2024-10-25,5,Centralized
739,739,2024-11-12,1,Seamless
740,740,2024-06-14,3,Fundamental
741,741,2025-02-28,1,didactic
742,742,2024-07-03,5,mobile
743,743,2025-03-27,5,national
744,744,2024-06-12,5,Automated
745,745,2025-05-19,1,non-volatile
746,746,2024-07-20,2,Persevering
747,747,2025-01-09,3,Universal
748,748,2024-09-02,4,Innovative
749,749,2024-07-06,2,web-enabled
750,750,2024-12-12,3,interactive
751,751,2025-04-07,3,Virtual
752,752,2024-10-09,5,analyzer
753,753,2024-10-09,5,Stand-alone
754,754,2024-09-24,1,Integrated
755,755,2024-12-25,1,"leading edge"
756,756,2024-11-12,2,impactful
757,757,2024-07-27,3,stable
758,758,2025-04-07,5,conglomeration
759,759,2024-09-08,1,Automated
760,760,2025-01-12,3,attitude-oriented
761,761,2025-05-15,4,conglomeration
762,762,2024-10-02,2,"5th generation"
763,763,2024-10-04,2,exuding
764,764,2025-01-19,3,systemic
765,765,2024-11-25,3,Decentralized
766,766,2024-09-28,1,toolset
767,767,2025-05-02,5,structure
768,768,2024-06-29,1,"5th generation"
769,769,2024-10-10,3,Streamlined
770,770,2024-08-03,4,orchestration
771,771,2024-06-17,5,intermediate
772,772,2025-03-07,5,strategy
773,773,2024-05-30,2,even-keeled
774,774,2024-09-25,4,software
775,775,2025-03-26,2,Monitored
776,776,2024-07-02,4,Decentralized
777,777,2024-05-24,4,projection
778,778,2025-04-11,3,parallelism
779,779,2024-06-24,5,discrete
780,780,2024-11-02,3,Open-architected
781,781,2024-12-23,1,throughput
782,782,2025-05-06,3,incremental
783,783,2024-09-23,5,Pre-emptive
784,784,2025-04-08,3,archive
785,785,2024-10-01,5,service-desk
786,786,2025-03-20,4,impactful
787,787,2024-07-13,4,incremental
788,788,2024-10-31,5,Customizable
789,789,2024-06-02,3,Diverse
790,790,2025-03-01,4,solution
791,791,2024-08-11,1,challenge
792,792,2024-09-06,4,Fundamental
793,793,2025-01-14,2,core
794,794,2025-02-27,5,Operative
795,795,2024-09-21,3,"system engine"
796,796,2024-10-07,1,help-desk
797,797,2024-08-31,5,Integrated
798,798,2025-03-06,1,parallelism
799,799,2024-11-06,4,Visionary
800,800,2024-07-05,4,Optional
801,801,2025-02-28,1,hybrid
802,802,2024-08-01,3,synergy
803,803,2025-02-20,1,protocol
804,804,2024-06-07,2,needs-based
805,805,2025-03-15,3,Secured
806,806,2024-11-05,3,Focused
807,807,2025-01-04,4,Monitored
808,808,2024-11-27,3,Streamlined
809,809,2024-12-17,1,Reverse-engineered
810,810,2024-06-06,2,Cross-platform
811,811,2024-11-16,4,projection
812,812,2024-10-25,5,Adaptive
813,813,2025-01-26,5,client-server
814,814,2025-02-16,5,Networked
815,815,2024-07-26,2,archive
816,816,2024-12-01,2,Cloned
817,817,2024-08-10,2,Up-sized
818,818,2024-08-03,3,asymmetric
819,819,2024-11-11,4,Diverse
820,820,2025-01-20,3,logistical
821,821,2025-05-08,5,disintermediate
822,822,2024-06-17,3,superstructure
823,823,2024-08-11,2,matrices
824,824,2024-07-26,5,workforce
825,825,2025-03-12,1,"pricing structure"
826,826,2025-03-05,3,Business-focused
827,827,2024-12-07,1,algorithm
828,828,2024-08-29,2,"knowledge user"
829,829,2025-03-27,5,superstructure
830,830,2024-08-01,1,optimizing
831,831,2024-11-20,1,Fully-configurable
832,832,2024-11-04,5,De-engineered
833,833,2024-08-28,4,hierarchy
834,834,2024-06-11,3,protocol
835,835,2025-03-06,2,migration
836,836,2025-04-20,2,portal
837,837,2024-05-28,3,hierarchy
838,838,2025-05-15,2,transitional
839,839,2025-03-28,5,matrices
840,840,2025-01-31,4,encompassing
841,841,2025-04-30,2,content-based
842,842,2024-08-31,5,"local area network"
843,843,2025-05-06,2,Networked
844,844,2024-10-27,3,Organic
845,845,2025-03-03,2,multi-state
846,846,2024-11-02,1,Switchable
847,847,2024-11-24,5,protocol
848,848,2024-07-16,3,Fully-configurable
849,849,2024-09-22,5,emulation
850,850,2024-07-09,1,infrastructure
851,851,2024-12-24,5,help-desk
852,852,2024-08-12,2,matrix
853,853,2024-12-29,1,tertiary
854,854,2025-02-23,4,holistic
855,855,2025-02-28,5,global
856,856,2025-02-18,1,Function-based
857,857,2024-11-30,3,circuit
858,858,2025-02-11,4,software
859,859,2024-06-22,1,circuit
860,860,2025-01-15,2,Virtual
861,861,2024-10-04,5,Ergonomic
862,862,2025-05-09,5,Adaptive
863,863,2025-03-31,3,Innovative
864,864,2025-01-03,1,disintermediate
865,865,2025-04-25,2,executive
866,866,2025-02-16,5,needs-based
867,867,2025-05-18,3,explicit
868,868,2024-12-19,2,explicit
869,869,2024-08-25,3,infrastructure
870,870,2025-03-19,1,dedicated
871,871,2024-12-15,4,challenge
872,872,2024-12-30,3,extranet
873,873,2024-06-14,5,clear-thinking
874,874,2025-04-14,2,collaboration
875,875,2024-12-30,3,matrix
876,876,2025-04-29,5,complexity
877,877,2025-02-22,2,client-driven
878,878,2024-06-02,4,Down-sized
879,879,2025-02-10,3,array
880,880,2024-12-02,4,Business-focused
881,881,2024-07-20,4,optimal
882,882,2024-06-09,4,secondary
883,883,2024-06-10,2,Intuitive
884,884,2024-10-11,5,User-centric
885,885,2025-03-12,3,Front-line
886,886,2024-09-27,1,Triple-buffered
887,887,2024-10-04,2,Persistent
888,888,2025-01-12,5,concept
889,889,2024-07-21,1,structure
890,890,2024-07-01,4,reciprocal
891,891,2024-10-21,5,Optional
892,892,2025-01-08,4,support
893,893,2025-05-13,5,clear-thinking
894,894,2025-01-17,2,Adaptive
895,895,2024-07-18,3,framework
896,896,2025-04-22,4,"knowledge base"
897,897,2024-12-13,5,secondary
898,898,2024-10-19,2,parallelism
899,899,2024-10-16,1,Horizontal
900,900,2024-11-03,1,challenge
901,901,2024-12-20,3,neural-net
902,902,2025-03-21,2,interactive
903,903,2025-01-29,1,concept
904,904,2024-09-12,2,tangible
905,905,2024-10-15,5,client-server
906,906,2024-10-02,4,"Face to face"
907,907,2024-08-24,1,circuit
908,908,2025-03-01,5,Right-sized
909,909,2025-05-13,2,logistical
910,910,2024-11-30,4,Robust
911,911,2025-03-02,1,Organized
912,912,2025-03-25,2,toolset
913,913,2025-05-05,3,access
914,914,2025-02-26,3,contextually-based
915,915,2024-11-12,3,national
916,916,2024-08-27,1,challenge
917,917,2024-08-28,5,access
918,918,2024-11-14,4,frame
919,919,2024-09-07,1,Stand-alone
920,920,2025-02-09,2,info-mediaries
921,921,2025-03-21,5,radical
922,922,2024-10-26,3,impactful
923,923,2024-11-10,5,motivating
924,924,2024-11-26,4,Total
925,925,2024-07-11,3,Front-line
926,926,2025-04-21,4,conglomeration
927,927,2025-03-02,1,"5th generation"
928,928,2025-02-08,5,"5th generation"
929,929,2025-04-30,2,data-warehouse
930,930,2025-05-04,1,Profound
931,931,2025-01-13,2,"open system"
932,932,2025-03-30,4,"open system"
933,933,2024-10-02,3,Reverse-engineered
934,934,2024-11-20,3,"zero tolerance"
935,935,2024-10-22,5,Programmable
936,936,2025-03-15,4,help-desk
937,937,2024-09-11,2,local
938,938,2025-02-16,4,impactful
939,939,2024-11-30,5,"process improvement"
940,940,2025-05-19,2,scalable
941,941,2024-09-23,4,time-frame
942,942,2025-02-10,4,Persevering
943,943,2025-02-17,5,value-added
944,944,2025-01-12,5,standardization
945,945,2025-04-04,3,extranet
946,946,2025-05-03,2,bifurcated
947,947,2025-01-05,3,composite
948,948,2024-11-22,2,monitoring
949,949,2025-04-10,1,Public-key
950,950,2024-06-01,2,monitoring
951,951,2024-11-01,4,synergy
952,952,2024-08-19,5,Enterprise-wide
953,953,2024-10-17,2,Customer-focused
954,954,2025-01-31,3,maximized
955,955,2024-06-20,4,system-worthy
956,956,2025-02-03,2,Organized
957,957,2025-03-19,4,circuit
958,958,2024-11-18,5,Cross-platform
959,959,2025-01-30,2,Virtual
960,960,2025-01-24,2,Cross-platform
961,961,2024-07-30,1,success
962,962,2024-10-22,5,Configurable
963,963,2024-11-03,5,actuating
964,964,2025-05-20,1,asymmetric
965,965,2024-07-18,3,optimal
966,966,2024-09-28,2,regional
967,967,2024-07-06,5,Persistent
968,968,2024-06-26,1,composite
969,969,2024-05-31,1,"24 hour"
970,970,2024-10-21,4,"leading edge"
971,971,2024-12-14,2,impactful
972,972,2024-12-21,4,productivity
973,973,2025-05-10,3,client-server
974,974,2024-12-31,3,Cloned
975,975,2024-10-17,3,"5th generation"
976,976,2025-03-29,4,optimizing
977,977,2025-04-04,5,client-driven
978,978,2024-07-20,5,needs-based
979,979,2025-03-26,5,Operative
980,980,2025-03-18,2,explicit
981,981,2025-04-29,4,"4th generation"
982,982,2025-01-01,4,incremental
983,983,2024-07-11,3,systemic
984,984,2024-07-06,3,Phased
985,985,2025-02-19,4,orchestration
986,986,2025-01-19,3,explicit
987,987,2024-10-07,3,Ameliorated
988,988,2024-12-21,3,grid-enabled
989,989,2025-03-21,3,support
990,990,2025-02-10,2,Visionary
991,991,2024-09-09,3,hybrid
992,992,2024-09-03,4,Cloned
993,993,2025-01-07,1,initiative
994,994,2025-05-16,1,Distributed
995,995,2025-03-24,5,multi-tasking
996,996,2025-04-22,4,attitude
997,997,2024-11-17,1,Monitored
998,998,2025-02-10,5,project
999,999,2024-08-29,2,paradigm
1000,1000,2024-11-01,4,standardization
