ticket_id,customer_id,issue_type,created_at,resolved_at
1,1,n/a,2024-09-08,2024-07-05
2,2,Finance,2024-09-01,2025-05-04
3,3,Technology,2025-04-11,2024-10-22
4,4,n/a,2025-05-13,2024-11-21
5,5,Miscellaneous,2025-04-15,2025-03-16
6,6,"Consumer Durables",2025-01-16,2024-10-17
7,7,n/a,2024-12-12,2025-05-06
8,8,n/a,2025-02-16,2024-12-02
9,9,"Health Care",2024-08-08,2024-07-16
10,10,n/a,2025-01-14,2024-10-01
11,11,"Consumer Services",2024-09-05,2025-05-16
12,12,"Capital Goods",2025-02-05,2024-12-31
13,13,Technology,2024-06-23,2024-05-30
14,14,Technology,2025-02-16,2025-04-08
15,15,n/a,2025-05-07,2024-10-31
16,16,"Public Utilities",2024-08-02,2024-12-12
17,17,n/a,2024-08-11,2024-07-28
18,18,n/a,2025-03-23,2025-03-17
19,19,Finance,2025-05-19,2024-09-06
20,20,"Health Care",2024-12-20,2024-12-30
21,21,"Consumer Services",2025-03-04,2024-06-04
22,22,"Health Care",2025-02-18,2024-06-27
23,23,n/a,2024-07-17,2024-06-27
24,24,Finance,2024-06-21,2024-09-05
25,25,Energy,2024-07-03,2024-07-07
26,26,n/a,2025-01-03,2024-06-12
27,27,n/a,2025-04-20,2025-01-05
28,28,"Consumer Services",2024-08-28,2024-08-22
29,29,"Consumer Durables",2024-09-14,2024-10-12
30,30,Finance,2024-12-14,2024-06-01
31,31,"Consumer Services",2024-10-28,2025-04-22
32,32,"Consumer Durables",2025-05-12,2025-04-14
33,33,n/a,2024-12-16,2024-07-29
34,34,"Consumer Non-Durables",2024-07-15,2024-05-25
35,35,n/a,2025-01-05,2024-10-24
36,36,"Health Care",2024-09-16,2024-10-08
37,37,Finance,2025-02-10,2024-12-15
38,38,"Consumer Services",2024-08-05,2024-07-06
39,39,"Consumer Services",2024-07-22,2024-11-17
40,40,Finance,2024-09-26,2024-07-05
41,41,"Public Utilities",2025-01-24,2024-08-03
42,42,n/a,2025-04-27,2024-11-02
43,43,Technology,2024-09-26,2024-07-21
44,44,Technology,2024-10-11,2024-07-16
45,45,"Health Care",2025-02-16,2024-11-24
46,46,Finance,2025-03-26,2024-09-08
47,47,Technology,2025-05-20,2024-12-06
48,48,"Consumer Services",2024-12-27,2025-02-24
49,49,Energy,2024-12-06,2025-04-23
50,50,Finance,2024-12-19,2024-11-20
51,51,"Public Utilities",2024-10-04,2024-11-27
52,52,Technology,2025-04-15,2024-09-03
53,53,"Consumer Services",2024-07-04,2024-08-02
54,54,"Health Care",2025-01-16,2025-03-01
55,55,"Consumer Services",2025-04-28,2024-06-01
56,56,Technology,2024-08-23,2024-12-12
57,57,n/a,2025-05-08,2025-05-04
58,58,n/a,2024-12-24,2024-09-15
59,59,n/a,2024-06-14,2024-12-15
60,60,Energy,2025-04-28,2024-11-11
61,61,"Health Care",2025-01-03,2025-02-21
62,62,Finance,2025-01-07,2024-06-07
63,63,"Capital Goods",2024-07-08,2025-02-25
64,64,"Capital Goods",2024-06-12,2024-10-02
65,65,n/a,2025-04-24,2024-11-19
66,66,"Consumer Services",2024-08-24,2025-01-21
67,67,"Health Care",2024-06-03,2025-04-18
68,68,"Health Care",2024-08-13,2025-02-25
69,69,"Health Care",2024-10-24,2024-08-30
70,70,"Health Care",2024-07-29,2024-05-25
71,71,"Consumer Services",2025-05-19,2025-02-05
72,72,"Consumer Services",2024-06-22,2025-01-25
73,73,Finance,2025-01-24,2024-08-04
74,74,"Health Care",2025-03-30,2024-10-14
75,75,"Capital Goods",2024-12-20,2024-07-14
76,76,Finance,2024-09-13,2024-12-30
77,77,"Health Care",2024-08-30,2024-10-03
78,78,"Capital Goods",2024-10-13,2024-12-10
79,79,Energy,2024-07-02,2025-04-25
80,80,Technology,2024-10-30,2025-02-26
81,81,n/a,2024-06-28,2024-08-05
82,82,"Consumer Services",2024-10-16,2024-07-25
83,83,n/a,2024-10-18,2025-05-21
84,84,"Consumer Services",2024-12-18,2024-07-16
85,85,Finance,2024-05-27,2024-07-30
86,86,"Health Care",2024-09-29,2024-12-18
87,87,"Consumer Services",2024-11-07,2025-02-24
88,88,Transportation,2024-09-18,2024-08-31
89,89,n/a,2024-10-27,2025-03-13
90,90,"Consumer Services",2024-10-05,2024-12-04
91,91,n/a,2025-05-04,2024-08-27
92,92,"Consumer Services",2025-03-10,2025-01-18
93,93,Finance,2025-04-13,2025-03-23
94,94,"Health Care",2024-06-25,2024-07-28
95,95,Technology,2024-10-23,2024-12-28
96,96,"Public Utilities",2025-02-23,2025-04-20
97,97,"Health Care",2024-05-29,2024-10-30
98,98,Miscellaneous,2024-06-05,2024-06-18
99,99,Energy,2024-07-17,2024-07-12
100,100,n/a,2024-07-30,2025-05-22
101,101,n/a,2024-09-30,2025-03-26
102,102,Technology,2025-01-25,2024-09-29
103,103,n/a,2024-07-19,2024-09-16
104,104,n/a,2024-12-06,2025-03-07
105,105,"Health Care",2024-06-15,2024-08-16
106,106,Finance,2024-09-30,2024-08-19
107,107,Energy,2024-08-11,2024-06-28
108,108,"Basic Industries",2024-11-21,2024-11-02
109,109,Energy,2025-03-03,2025-05-21
110,110,Energy,2025-03-08,2024-08-27
111,111,n/a,2025-03-18,2024-11-15
112,112,"Health Care",2024-09-24,2024-09-11
113,113,"Basic Industries",2024-08-15,2024-08-19
114,114,Transportation,2025-01-02,2025-02-05
115,115,"Capital Goods",2024-06-09,2024-06-01
116,116,n/a,2025-01-30,2024-10-27
117,117,n/a,2024-09-25,2025-05-09
118,118,Miscellaneous,2025-04-30,2024-12-19
119,119,"Consumer Non-Durables",2025-03-15,2025-04-20
120,120,Technology,2024-09-27,2025-03-21
121,121,n/a,2024-10-19,2024-10-02
122,122,"Capital Goods",2024-07-16,2024-11-25
123,123,"Consumer Services",2024-12-24,2024-07-22
124,124,Finance,2025-04-16,2024-12-21
125,125,"Health Care",2024-10-30,2025-05-18
126,126,Finance,2025-01-24,2024-09-02
127,127,n/a,2025-02-27,2025-03-28
128,128,n/a,2024-09-14,2025-04-21
129,129,"Consumer Services",2024-10-05,2025-02-01
130,130,"Consumer Durables",2024-06-23,2024-08-21
131,131,"Consumer Services",2025-01-22,2024-08-19
132,132,Energy,2024-05-31,2024-07-28
133,133,"Consumer Services",2025-05-16,2024-07-31
134,134,"Health Care",2024-06-03,2024-09-09
135,135,n/a,2025-02-11,2025-05-11
136,136,Finance,2024-12-19,2025-04-05
137,137,n/a,2025-01-29,2024-09-05
138,138,"Consumer Services",2024-06-20,2025-03-28
139,139,"Consumer Services",2025-05-18,2024-07-27
140,140,"Health Care",2024-06-25,2025-03-22
141,141,Technology,2025-04-30,2024-08-03
142,142,"Consumer Services",2025-04-19,2024-11-19
143,143,Finance,2024-08-25,2024-08-12
144,144,"Public Utilities",2024-09-21,2024-09-15
145,145,Energy,2025-02-09,2024-07-22
146,146,n/a,2024-11-18,2024-09-22
147,147,"Basic Industries",2024-12-01,2024-06-17
148,148,"Consumer Services",2025-01-17,2024-06-22
149,149,Finance,2025-02-02,2025-03-19
150,150,n/a,2024-08-28,2024-11-15
151,151,"Public Utilities",2024-06-04,2024-06-12
152,152,"Capital Goods",2024-09-02,2024-10-04
153,153,Technology,2024-08-11,2025-04-04
154,154,"Consumer Non-Durables",2024-07-12,2024-09-07
155,155,"Capital Goods",2024-08-05,2024-06-22
156,156,"Basic Industries",2024-12-24,2024-10-04
157,157,"Basic Industries",2024-12-09,2024-09-03
158,158,"Health Care",2024-11-19,2024-08-20
159,159,Finance,2025-01-06,2024-06-13
160,160,"Health Care",2025-04-04,2024-10-10
161,161,Finance,2024-10-12,2024-12-29
162,162,n/a,2024-11-14,2025-03-04
163,163,Finance,2025-02-03,2024-08-05
164,164,"Public Utilities",2025-03-21,2024-06-10
165,165,Energy,2024-06-06,2024-11-11
166,166,"Public Utilities",2024-08-11,2024-09-26
167,167,"Public Utilities",2024-11-07,2024-09-17
168,168,Technology,2025-02-17,2025-04-18
169,169,n/a,2024-12-09,2024-09-14
170,170,"Health Care",2024-10-13,2025-04-05
171,171,Finance,2024-10-05,2024-09-11
172,172,"Capital Goods",2025-04-03,2024-07-30
173,173,"Basic Industries",2024-09-14,2025-04-01
174,174,n/a,2024-11-22,2024-10-08
175,175,"Capital Goods",2024-12-09,2024-08-30
176,176,n/a,2024-07-02,2024-10-24
177,177,Finance,2024-09-30,2024-07-09
178,178,Finance,2025-01-31,2025-03-21
179,179,Miscellaneous,2024-12-19,2024-06-20
180,180,"Basic Industries",2024-07-19,2025-05-13
181,181,"Capital Goods",2024-09-20,2024-07-21
182,182,"Capital Goods",2025-03-19,2024-11-13
183,183,n/a,2024-07-15,2025-03-19
184,184,"Consumer Durables",2025-05-05,2024-05-30
185,185,Miscellaneous,2025-05-08,2024-07-09
186,186,"Health Care",2025-04-23,2025-04-14
187,187,n/a,2025-05-09,2025-02-08
188,188,"Health Care",2025-03-12,2024-07-20
189,189,"Basic Industries",2025-03-23,2024-07-22
190,190,Finance,2024-08-01,2024-06-02
191,191,"Capital Goods",2024-07-04,2024-10-19
192,192,"Capital Goods",2025-04-23,2025-02-28
193,193,Technology,2025-02-08,2025-03-15
194,194,Finance,2024-10-02,2025-01-23
195,195,Finance,2024-10-30,2024-06-21
196,196,"Consumer Non-Durables",2024-09-11,2024-07-27
197,197,"Health Care",2025-04-19,2024-12-22
198,198,"Capital Goods",2024-12-08,2025-05-09
199,199,"Capital Goods",2024-10-21,2025-04-16
200,200,Finance,2024-12-01,2024-10-24
201,201,Transportation,2025-04-04,2024-12-23
202,202,Technology,2024-10-18,2024-10-26
203,203,Finance,2025-02-11,2024-12-21
204,204,Energy,2024-09-30,2025-01-06
205,205,n/a,2025-04-04,2024-06-11
206,206,n/a,2024-12-30,2025-01-31
207,207,n/a,2024-10-30,2025-02-05
208,208,n/a,2024-10-12,2024-11-21
209,209,"Health Care",2025-04-29,2024-12-24
210,210,"Basic Industries",2024-06-04,2025-04-01
211,211,Technology,2025-05-11,2025-04-17
212,212,"Health Care",2025-04-06,2024-10-03
213,213,Finance,2025-01-05,2025-05-14
214,214,Finance,2024-07-09,2024-06-03
215,215,"Consumer Durables",2024-09-01,2025-01-13
216,216,n/a,2025-05-13,2024-12-13
217,217,Energy,2024-06-13,2024-09-12
218,218,Finance,2024-09-27,2024-12-17
219,219,Finance,2024-07-21,2025-03-16
220,220,"Public Utilities",2024-10-26,2025-04-18
221,221,n/a,2025-01-06,2024-11-06
222,222,n/a,2025-04-30,2024-09-23
223,223,"Basic Industries",2024-07-28,2025-02-09
224,224,Finance,2024-07-04,2024-11-25
225,225,n/a,2025-02-14,2024-09-17
226,226,Finance,2025-03-08,2025-05-21
227,227,Transportation,2024-07-05,2024-10-28
228,228,n/a,2024-07-10,2024-06-06
229,229,"Consumer Services",2024-08-15,2025-01-04
230,230,"Consumer Services",2025-04-01,2024-08-23
231,231,"Health Care",2025-03-05,2024-10-11
232,232,n/a,2024-06-03,2024-09-09
233,233,Finance,2025-01-14,2025-02-20
234,234,"Basic Industries",2024-07-17,2024-07-30
235,235,"Consumer Durables",2025-04-22,2024-07-06
236,236,n/a,2025-04-05,2025-01-09
237,237,"Public Utilities",2024-10-31,2024-07-03
238,238,"Consumer Services",2025-04-15,2024-05-29
239,239,Finance,2025-05-14,2024-06-03
240,240,n/a,2024-05-23,2025-01-13
241,241,"Public Utilities",2025-04-27,2025-05-09
242,242,"Capital Goods",2024-06-24,2024-10-18
243,243,Energy,2025-04-09,2024-06-22
244,244,Technology,2024-05-24,2025-03-16
245,245,"Health Care",2024-10-25,2025-02-01
246,246,"Health Care",2024-12-04,2024-09-25
247,247,n/a,2024-07-25,2024-11-28
248,248,Finance,2025-03-16,2025-03-31
249,249,n/a,2024-11-08,2024-07-01
250,250,"Basic Industries",2025-04-16,2024-08-31
251,251,n/a,2025-03-14,2024-10-19
252,252,"Health Care",2024-12-01,2024-07-03
253,253,Technology,2024-09-12,2025-04-05
254,254,Finance,2025-03-05,2025-02-19
255,255,"Health Care",2024-10-10,2024-12-14
256,256,Energy,2024-06-10,2025-03-02
257,257,Finance,2025-04-28,2024-07-03
258,258,Finance,2025-03-20,2024-10-03
259,259,n/a,2024-08-18,2024-05-27
260,260,"Health Care",2025-03-02,2025-01-21
261,261,"Consumer Services",2025-03-13,2024-11-14
262,262,"Basic Industries",2024-07-16,2024-08-23
263,263,"Consumer Services",2025-02-06,2024-12-21
264,264,"Health Care",2024-10-18,2024-10-19
265,265,Transportation,2024-10-25,2024-11-28
266,266,"Capital Goods",2025-01-08,2024-07-06
267,267,n/a,2024-08-31,2024-12-25
268,268,"Basic Industries",2024-11-25,2025-01-11
269,269,"Basic Industries",2025-01-21,2024-11-26
270,270,"Health Care",2024-08-18,2024-07-09
271,271,Technology,2024-06-30,2024-12-01
272,272,"Basic Industries",2025-05-05,2025-04-11
273,273,Technology,2024-12-30,2024-10-23
274,274,"Health Care",2025-04-22,2024-12-05
275,275,Finance,2024-12-10,2024-06-21
276,276,"Capital Goods",2024-12-18,2025-03-27
277,277,"Consumer Non-Durables",2025-04-03,2024-11-02
278,278,Finance,2024-08-10,2024-08-04
279,279,n/a,2025-04-04,2025-04-26
280,280,Technology,2025-04-24,2024-11-20
281,281,n/a,2025-05-01,2024-08-16
282,282,n/a,2024-09-15,2025-01-28
283,283,n/a,2025-02-10,2025-03-16
284,284,n/a,2024-06-15,2024-05-27
285,285,"Capital Goods",2024-10-29,2024-08-29
286,286,"Consumer Services",2025-05-11,2024-08-02
287,287,n/a,2024-07-04,2025-03-19
288,288,"Health Care",2024-09-09,2024-12-08
289,289,Technology,2024-12-26,2025-02-20
290,290,"Health Care",2024-11-26,2025-01-23
291,291,"Basic Industries",2024-10-11,2025-01-21
292,292,"Health Care",2025-03-07,2024-08-11
293,293,n/a,2025-04-08,2025-01-26
294,294,"Consumer Non-Durables",2025-01-08,2024-09-02
295,295,"Public Utilities",2025-04-18,2024-11-04
296,296,"Consumer Services",2024-07-07,2025-01-10
297,297,Technology,2024-09-13,2025-03-13
298,298,Technology,2024-08-24,2025-04-03
299,299,Energy,2025-02-27,2025-04-11
300,300,Finance,2024-10-04,2025-01-02
301,301,"Capital Goods",2024-06-13,2024-11-28
302,302,n/a,2025-01-11,2024-10-27
303,303,Miscellaneous,2025-02-09,2025-04-03
304,304,n/a,2024-11-14,2025-01-12
305,305,Finance,2024-08-04,2024-08-15
306,306,n/a,2025-04-15,2024-09-11
307,307,Finance,2024-10-06,2024-11-27
308,308,"Consumer Non-Durables",2024-08-31,2024-09-26
309,309,"Consumer Services",2024-06-29,2024-11-27
310,310,"Health Care",2024-06-13,2024-10-18
311,311,n/a,2025-05-04,2024-07-04
312,312,"Health Care",2024-11-29,2024-06-13
313,313,Finance,2025-03-09,2024-07-14
314,314,"Health Care",2024-09-25,2024-12-08
315,315,"Health Care",2024-06-18,2025-02-14
316,316,Technology,2024-07-01,2024-10-31
317,317,n/a,2024-07-03,2024-06-16
318,318,Technology,2025-01-20,2025-03-10
319,319,Finance,2025-04-16,2024-07-07
320,320,"Consumer Services",2025-04-28,2025-03-13
321,321,n/a,2024-08-06,2024-10-17
322,322,"Consumer Durables",2025-04-02,2024-08-21
323,323,"Consumer Durables",2024-11-14,2024-07-04
324,324,"Consumer Services",2024-06-03,2024-12-06
325,325,"Consumer Services",2024-12-13,2024-06-07
326,326,Miscellaneous,2024-12-26,2024-09-17
327,327,n/a,2025-05-22,2024-06-08
328,328,n/a,2024-10-06,2025-01-20
329,329,"Consumer Services",2025-02-10,2025-03-01
330,330,n/a,2025-03-04,2025-02-19
331,331,"Health Care",2025-01-11,2024-12-07
332,332,n/a,2025-04-09,2024-10-09
333,333,n/a,2024-11-11,2024-09-06
334,334,Technology,2025-02-27,2024-08-06
335,335,"Capital Goods",2025-05-13,2024-08-21
336,336,Transportation,2024-07-19,2024-10-08
337,337,"Consumer Services",2025-04-14,2024-12-19
338,338,Finance,2024-07-26,2025-03-08
339,339,"Health Care",2025-01-26,2025-04-16
340,340,"Basic Industries",2024-12-29,2025-02-13
341,341,"Consumer Services",2025-03-15,2025-01-19
342,342,Technology,2025-01-14,2024-10-02
343,343,"Health Care",2025-01-19,2024-06-20
344,344,Energy,2025-04-20,2025-04-11
345,345,Transportation,2025-04-29,2024-07-29
346,346,"Capital Goods",2024-11-16,2024-07-16
347,347,Finance,2024-12-11,2025-03-19
348,348,Technology,2025-04-07,2024-07-21
349,349,"Health Care",2024-07-12,2024-10-30
350,350,"Consumer Durables",2025-01-21,2025-02-23
351,351,Energy,2025-04-24,2024-12-05
352,352,Technology,2024-12-12,2024-06-06
353,353,Energy,2024-06-27,2025-03-04
354,354,Transportation,2025-05-10,2024-09-14
355,355,Finance,2025-01-21,2024-09-21
356,356,"Consumer Services",2025-02-23,2024-11-28
357,357,n/a,2025-02-16,2024-06-05
358,358,Miscellaneous,2025-01-20,2024-09-19
359,359,"Capital Goods",2025-01-23,2024-07-10
360,360,Energy,2024-06-01,2024-06-19
361,361,n/a,2024-05-24,2025-04-30
362,362,n/a,2024-10-29,2024-11-30
363,363,"Public Utilities",2025-05-02,2024-12-13
364,364,"Consumer Durables",2024-11-29,2025-01-08
365,365,"Consumer Services",2024-09-03,2024-09-04
366,366,n/a,2024-09-02,2025-03-22
367,367,n/a,2024-08-21,2025-03-23
368,368,Finance,2024-12-14,2024-07-15
369,369,n/a,2024-11-16,2024-07-11
370,370,"Public Utilities",2024-12-06,2024-09-12
371,371,n/a,2024-07-06,2024-08-08
372,372,Finance,2024-10-28,2025-05-09
373,373,"Consumer Durables",2024-07-06,2024-10-15
374,374,"Health Care",2024-09-21,2025-03-29
375,375,n/a,2025-04-22,2025-01-19
376,376,"Capital Goods",2025-04-15,2024-12-25
377,377,Finance,2024-12-06,2024-12-18
378,378,Finance,2024-07-21,2025-03-31
379,379,"Consumer Services",2024-12-20,2025-01-04
380,380,n/a,2025-01-31,2025-05-06
381,381,Finance,2024-07-27,2024-09-17
382,382,"Basic Industries",2025-01-03,2025-04-08
383,383,n/a,2024-08-31,2024-12-18
384,384,"Health Care",2025-01-14,2024-12-13
385,385,"Health Care",2024-11-22,2024-06-17
386,386,"Consumer Services",2024-11-02,2025-04-11
387,387,Finance,2024-10-26,2024-08-10
388,388,"Consumer Non-Durables",2024-09-14,2025-04-06
389,389,Miscellaneous,2024-10-14,2024-10-25
390,390,"Consumer Services",2025-01-08,2025-03-02
391,391,n/a,2025-03-07,2024-09-08
392,392,"Consumer Durables",2025-04-22,2024-09-01
393,393,"Health Care",2024-07-29,2024-09-26
394,394,Miscellaneous,2025-04-09,2024-07-27
395,395,"Consumer Non-Durables",2024-07-29,2024-10-13
396,396,Technology,2025-03-18,2025-05-06
397,397,n/a,2024-07-13,2024-06-20
398,398,Finance,2024-09-11,2024-11-18
399,399,"Health Care",2025-03-19,2025-05-19
400,400,n/a,2025-01-06,2024-08-30
401,401,n/a,2025-03-14,2025-02-16
402,402,n/a,2025-02-21,2025-01-30
403,403,"Consumer Services",2024-11-24,2025-01-16
404,404,n/a,2024-07-28,2024-08-21
405,405,n/a,2024-12-24,2024-12-17
406,406,"Basic Industries",2025-01-20,2024-07-05
407,407,"Consumer Services",2024-08-07,2024-09-30
408,408,Finance,2025-04-27,2025-02-24
409,409,n/a,2024-11-17,2024-06-09
410,410,Technology,2025-04-18,2024-10-22
411,411,Energy,2025-04-16,2024-05-27
412,412,Finance,2025-03-14,2024-07-28
413,413,"Public Utilities",2024-10-03,2024-05-31
414,414,"Consumer Services",2024-10-13,2025-04-15
415,415,"Consumer Non-Durables",2024-12-26,2024-11-09
416,416,Finance,2024-11-17,2024-07-17
417,417,"Consumer Non-Durables",2024-10-05,2024-10-05
418,418,Energy,2024-12-19,2024-05-27
419,419,"Capital Goods",2024-10-17,2024-10-28
420,420,"Health Care",2024-11-19,2024-07-06
421,421,"Health Care",2025-05-09,2024-09-05
422,422,n/a,2024-07-25,2024-05-29
423,423,n/a,2024-11-09,2024-06-27
424,424,Miscellaneous,2024-07-10,2024-07-05
425,425,Finance,2025-04-26,2024-07-23
426,426,"Consumer Services",2024-08-31,2025-04-06
427,427,Miscellaneous,2024-09-29,2025-05-18
428,428,"Consumer Services",2024-09-12,2024-10-01
429,429,"Health Care",2024-12-31,2025-05-07
430,430,Finance,2024-06-21,2024-06-17
431,431,"Consumer Non-Durables",2024-07-08,2024-06-11
432,432,Technology,2024-11-07,2025-01-29
433,433,Finance,2025-05-10,2025-02-21
434,434,"Consumer Durables",2024-07-31,2024-12-03
435,435,"Health Care",2025-04-20,2025-04-27
436,436,"Basic Industries",2025-05-09,2024-11-20
437,437,"Consumer Services",2024-12-28,2025-02-04
438,438,"Health Care",2024-06-01,2024-10-11
439,439,Miscellaneous,2025-04-06,2024-07-29
440,440,Technology,2025-01-02,2025-01-15
441,441,"Health Care",2025-01-02,2025-05-04
442,442,n/a,2024-11-25,2025-03-26
443,443,Energy,2024-11-19,2024-07-30
444,444,"Basic Industries",2024-08-30,2024-06-07
445,445,Finance,2025-03-14,2025-01-03
446,446,"Basic Industries",2025-01-12,2024-11-24
447,447,"Consumer Services",2024-07-21,2024-08-23
448,448,n/a,2025-03-18,2025-03-02
449,449,Technology,2024-12-25,2024-12-27
450,450,"Basic Industries",2024-12-09,2024-07-20
451,451,Finance,2025-04-27,2025-01-07
452,452,"Basic Industries",2024-11-10,2024-05-27
453,453,"Capital Goods",2024-07-28,2024-09-12
454,454,Technology,2025-01-16,2024-06-17
455,455,n/a,2025-02-15,2024-08-25
456,456,"Health Care",2025-04-17,2025-05-16
457,457,"Basic Industries",2025-05-17,2024-06-08
458,458,Finance,2025-04-15,2024-07-11
459,459,Finance,2024-06-28,2025-02-21
460,460,"Health Care",2024-05-27,2024-10-23
461,461,n/a,2024-06-29,2025-02-05
462,462,"Capital Goods",2024-06-29,2025-03-22
463,463,n/a,2024-07-17,2025-04-19
464,464,"Health Care",2024-11-18,2024-11-09
465,465,"Consumer Durables",2025-05-20,2024-07-24
466,466,n/a,2024-11-06,2025-01-19
467,467,"Consumer Services",2024-08-22,2025-01-31
468,468,n/a,2025-04-10,2024-08-28
469,469,"Consumer Services",2025-01-09,2024-06-02
470,470,"Consumer Services",2024-07-15,2024-11-11
471,471,"Consumer Non-Durables",2025-03-28,2024-12-08
472,472,"Consumer Services",2024-11-28,2024-10-12
473,473,"Health Care",2024-07-13,2024-05-26
474,474,"Health Care",2025-02-20,2024-12-14
475,475,n/a,2024-05-23,2025-03-05
476,476,Technology,2024-12-23,2024-07-19
477,477,n/a,2024-10-14,2025-03-31
478,478,n/a,2025-02-10,2024-08-19
479,479,n/a,2025-02-01,2025-02-04
480,480,"Health Care",2024-11-01,2024-12-01
481,481,"Consumer Services",2024-10-16,2024-07-10
482,482,n/a,2024-12-05,2025-02-02
483,483,"Public Utilities",2024-09-13,2024-10-11
484,484,"Consumer Services",2024-09-29,2025-02-04
485,485,"Consumer Services",2024-09-13,2024-10-01
486,486,"Health Care",2024-05-24,2024-10-24
487,487,"Basic Industries",2024-05-30,2025-03-26
488,488,"Consumer Services",2024-10-04,2025-05-01
489,489,n/a,2024-07-30,2025-04-16
490,490,n/a,2024-09-25,2024-07-23
491,491,Energy,2025-04-13,2025-04-23
492,492,Energy,2025-05-15,2025-03-08
493,493,n/a,2025-02-15,2025-02-27
494,494,"Consumer Services",2025-03-26,2024-08-08
495,495,"Public Utilities",2024-09-11,2025-02-21
496,496,n/a,2025-01-09,2024-11-08
497,497,"Consumer Non-Durables",2024-06-18,2025-04-13
498,498,"Capital Goods",2025-05-04,2025-02-03
499,499,"Capital Goods",2024-09-28,2025-02-23
500,500,Transportation,2025-03-31,2024-08-29
501,501,"Public Utilities",2025-05-14,2025-03-31
502,502,Finance,2024-10-19,2024-08-24
503,503,"Basic Industries",2024-07-10,2025-03-19
504,504,"Consumer Services",2024-05-25,2024-11-11
505,505,Finance,2024-09-18,2024-07-04
506,506,"Health Care",2024-09-13,2024-09-28
507,507,Technology,2025-02-03,2025-02-20
508,508,"Consumer Services",2025-03-30,2024-10-02
509,509,Technology,2025-03-17,2024-11-18
510,510,"Health Care",2025-05-14,2024-09-02
511,511,"Public Utilities",2024-09-21,2024-07-11
512,512,Technology,2025-05-18,2025-01-26
513,513,"Consumer Services",2024-05-24,2025-02-26
514,514,Finance,2024-08-20,2024-07-01
515,515,Technology,2024-06-09,2024-08-10
516,516,"Capital Goods",2025-04-14,2025-05-01
517,517,"Public Utilities",2025-04-15,2025-01-20
518,518,Finance,2024-09-10,2024-07-11
519,519,"Health Care",2024-10-08,2024-12-03
520,520,"Health Care",2025-02-27,2025-05-17
521,521,"Capital Goods",2024-11-27,2024-08-03
522,522,Miscellaneous,2024-07-29,2024-08-15
523,523,Energy,2024-11-13,2024-11-19
524,524,Finance,2024-07-02,2024-10-26
525,525,"Public Utilities",2025-02-07,2025-02-16
526,526,Finance,2024-12-04,2025-03-28
527,527,n/a,2025-02-18,2024-11-14
528,528,Technology,2025-03-09,2024-11-16
529,529,n/a,2024-12-22,2025-04-02
530,530,"Capital Goods",2024-06-03,2024-11-07
531,531,Miscellaneous,2024-11-20,2024-07-26
532,532,Miscellaneous,2025-01-19,2024-07-14
533,533,"Consumer Services",2024-12-19,2024-11-04
534,534,"Public Utilities",2025-05-15,2024-06-30
535,535,"Health Care",2024-11-28,2024-12-09
536,536,"Consumer Services",2024-06-03,2025-04-22
537,537,n/a,2024-12-14,2024-10-12
538,538,Finance,2025-04-14,2025-05-13
539,539,n/a,2024-07-22,2024-07-10
540,540,n/a,2024-10-08,2024-06-19
541,541,"Capital Goods",2024-09-25,2025-04-28
542,542,Finance,2025-04-21,2025-02-27
543,543,Finance,2025-03-02,2025-03-13
544,544,Finance,2024-08-22,2024-06-20
545,545,n/a,2025-03-30,2024-11-21
546,546,n/a,2024-08-18,2024-06-20
547,547,n/a,2025-04-06,2025-01-31
548,548,"Consumer Services",2024-10-24,2024-08-28
549,549,Finance,2024-07-21,2024-07-09
550,550,Technology,2025-04-09,2024-08-17
551,551,n/a,2024-06-28,2024-09-24
552,552,n/a,2024-09-10,2024-12-25
553,553,Finance,2025-04-10,2024-10-05
554,554,"Health Care",2024-08-15,2025-04-27
555,555,Finance,2024-06-13,2024-11-29
556,556,"Health Care",2024-12-08,2024-06-29
557,557,Technology,2024-09-18,2024-12-29
558,558,"Consumer Services",2024-12-05,2024-10-22
559,559,"Health Care",2024-09-06,2025-03-27
560,560,n/a,2024-12-30,2024-06-15
561,561,Energy,2024-10-31,2025-02-24
562,562,Energy,2024-10-21,2025-04-23
563,563,Technology,2024-11-06,2025-02-10
564,564,n/a,2025-02-07,2024-08-30
565,565,"Consumer Services",2024-07-17,2024-10-26
566,566,"Consumer Non-Durables",2025-05-12,2024-10-06
567,567,"Consumer Services",2024-10-06,2025-02-23
568,568,n/a,2025-02-27,2024-05-27
569,569,Miscellaneous,2024-07-14,2024-10-22
570,570,"Consumer Services",2024-09-21,2024-11-10
571,571,"Capital Goods",2024-08-02,2025-02-03
572,572,Technology,2024-12-14,2025-04-22
573,573,"Capital Goods",2024-07-05,2024-09-14
574,574,"Consumer Durables",2024-06-19,2024-06-04
575,575,Transportation,2025-04-01,2025-03-05
576,576,Finance,2024-09-02,2024-08-29
577,577,Finance,2025-05-18,2025-01-08
578,578,n/a,2025-04-09,2025-02-13
579,579,Finance,2024-07-14,2024-11-12
580,580,n/a,2024-06-14,2025-05-05
581,581,Energy,2025-01-17,2024-12-10
582,582,"Health Care",2025-05-20,2025-03-05
583,583,n/a,2025-01-17,2024-09-26
584,584,Technology,2024-11-11,2024-12-11
585,585,"Health Care",2025-05-21,2024-06-01
586,586,"Basic Industries",2024-12-24,2024-08-24
587,587,n/a,2025-04-19,2025-05-09
588,588,Finance,2024-06-18,2025-03-16
589,589,"Consumer Services",2024-10-25,2024-11-04
590,590,"Consumer Non-Durables",2025-01-11,2025-01-29
591,591,n/a,2024-08-31,2024-09-17
592,592,"Basic Industries",2024-06-30,2024-06-14
593,593,Technology,2024-10-31,2024-09-26
594,594,"Health Care",2025-05-18,2024-11-17
595,595,"Consumer Services",2024-11-25,2024-12-12
596,596,n/a,2024-07-11,2024-08-05
597,597,"Consumer Durables",2024-11-30,2024-05-31
598,598,n/a,2025-05-02,2024-06-20
599,599,"Consumer Services",2024-11-27,2025-01-21
600,600,Finance,2025-04-28,2024-10-25
601,601,"Consumer Services",2024-09-27,2024-12-08
602,602,"Consumer Services",2025-01-23,2024-11-20
603,603,"Consumer Non-Durables",2025-03-14,2024-08-20
604,604,Finance,2025-04-28,2024-10-24
605,605,"Health Care",2024-08-07,2024-09-28
606,606,"Basic Industries",2024-08-21,2024-12-31
607,607,n/a,2025-01-13,2024-10-21
608,608,n/a,2024-08-04,2024-12-03
609,609,n/a,2025-03-10,2024-09-02
610,610,"Consumer Services",2025-02-20,2024-10-07
611,611,Finance,2024-06-07,2024-06-16
612,612,Technology,2024-06-20,2025-04-06
613,613,"Consumer Services",2024-08-29,2025-04-02
614,614,n/a,2025-04-11,2025-05-15
615,615,Finance,2025-03-25,2024-12-02
616,616,Finance,2024-09-13,2025-01-20
617,617,n/a,2024-07-25,2024-06-18
618,618,"Health Care",2025-02-09,2024-08-26
619,619,"Basic Industries",2024-05-30,2024-11-22
620,620,"Consumer Durables",2025-03-14,2024-10-20
621,621,"Public Utilities",2025-01-15,2025-01-04
622,622,Finance,2024-11-02,2024-07-14
623,623,"Consumer Non-Durables",2024-07-20,2024-10-08
624,624,Finance,2024-10-24,2024-07-07
625,625,"Health Care",2024-06-25,2024-07-19
626,626,"Basic Industries",2025-04-17,2024-08-09
627,627,n/a,2025-01-19,2024-09-29
628,628,"Health Care",2024-05-24,2025-03-22
629,629,n/a,2025-05-15,2024-12-13
630,630,Finance,2024-12-11,2025-01-15
631,631,Technology,2025-01-05,2024-07-13
632,632,"Basic Industries",2024-12-02,2024-06-21
633,633,"Consumer Services",2024-07-25,2024-07-05
634,634,Energy,2025-01-05,2024-12-25
635,635,"Consumer Services",2024-06-21,2024-06-24
636,636,n/a,2024-09-27,2025-04-23
637,637,Finance,2025-04-10,2024-09-15
638,638,Finance,2025-05-09,2024-07-08
639,639,n/a,2025-03-12,2025-01-04
640,640,Finance,2024-07-22,2024-08-04
641,641,n/a,2024-09-05,2025-02-22
642,642,"Consumer Services",2024-06-23,2024-11-26
643,643,Energy,2024-07-03,2025-01-14
644,644,Transportation,2024-08-27,2024-12-30
645,645,Finance,2024-08-05,2024-12-27
646,646,"Health Care",2025-01-08,2025-04-17
647,647,Technology,2025-03-13,2024-10-04
648,648,Finance,2025-05-19,2024-12-12
649,649,"Health Care",2025-01-30,2024-11-09
650,650,Technology,2024-10-09,2024-10-19
651,651,Finance,2025-04-17,2025-01-19
652,652,"Health Care",2025-05-06,2025-04-13
653,653,"Basic Industries",2024-07-21,2024-12-13
654,654,"Capital Goods",2024-07-31,2025-03-08
655,655,"Consumer Services",2025-05-08,2024-06-22
656,656,n/a,2025-02-24,2024-10-03
657,657,Finance,2025-01-29,2024-11-21
658,658,"Consumer Non-Durables",2025-01-25,2024-09-30
659,659,"Capital Goods",2024-10-19,2024-05-31
660,660,"Consumer Services",2024-10-25,2024-08-16
661,661,"Consumer Services",2025-05-06,2024-09-17
662,662,"Consumer Services",2024-12-15,2025-01-09
663,663,"Health Care",2025-02-13,2024-10-16
664,664,Technology,2025-03-16,2024-06-30
665,665,"Public Utilities",2024-11-06,2024-06-17
666,666,"Basic Industries",2024-07-23,2025-01-05
667,667,"Consumer Services",2025-03-19,2024-06-30
668,668,"Consumer Services",2025-01-15,2025-05-18
669,669,Finance,2024-07-08,2025-02-22
670,670,"Health Care",2024-06-25,2024-10-24
671,671,Finance,2024-12-31,2025-03-23
672,672,Technology,2025-04-27,2025-02-13
673,673,"Consumer Services",2025-01-25,2024-10-26
674,674,"Consumer Durables",2025-05-11,2025-05-22
675,675,"Capital Goods",2025-01-26,2024-11-22
676,676,n/a,2025-05-19,2025-04-07
677,677,"Health Care",2025-04-29,2025-04-19
678,678,n/a,2025-05-13,2025-05-14
679,679,"Health Care",2024-07-18,2024-09-25
680,680,"Capital Goods",2024-09-26,2024-09-10
681,681,"Consumer Services",2024-07-08,2025-05-11
682,682,Finance,2025-05-18,2024-08-23
683,683,"Public Utilities",2025-01-09,2025-01-07
684,684,Miscellaneous,2024-07-04,2025-01-07
685,685,"Consumer Non-Durables",2024-07-08,2025-03-04
686,686,n/a,2025-03-27,2025-01-14
687,687,"Capital Goods",2025-03-25,2025-01-11
688,688,n/a,2025-03-05,2024-08-03
689,689,"Capital Goods",2025-05-06,2025-05-05
690,690,n/a,2024-06-27,2025-02-10
691,691,"Consumer Services",2025-01-17,2024-12-13
692,692,"Capital Goods",2025-04-21,2024-06-26
693,693,Technology,2024-12-20,2025-03-06
694,694,"Basic Industries",2025-05-22,2025-01-16
695,695,Technology,2024-06-12,2025-02-23
696,696,"Consumer Services",2024-12-11,2024-06-24
697,697,"Consumer Non-Durables",2025-02-18,2025-04-13
698,698,Technology,2025-04-25,2024-07-27
699,699,"Capital Goods",2024-11-24,2024-06-22
700,700,"Health Care",2024-07-13,2024-07-02
701,701,"Health Care",2024-07-13,2024-11-01
702,702,"Consumer Services",2025-03-25,2024-05-29
703,703,"Health Care",2025-03-25,2024-06-20
704,704,"Health Care",2025-05-13,2024-07-04
705,705,n/a,2024-12-18,2024-06-28
706,706,"Health Care",2024-06-25,2024-12-20
707,707,"Consumer Services",2024-07-19,2024-07-10
708,708,n/a,2025-02-16,2025-01-06
709,709,Finance,2025-01-10,2025-04-12
710,710,n/a,2024-07-01,2025-01-15
711,711,n/a,2024-07-23,2024-06-12
712,712,"Consumer Non-Durables",2025-02-18,2025-02-15
713,713,"Capital Goods",2024-12-08,2024-06-30
714,714,Technology,2024-06-08,2024-10-13
715,715,"Consumer Services",2024-11-03,2024-08-18
716,716,"Health Care",2024-06-01,2024-07-21
717,717,Energy,2025-03-29,2025-02-08
718,718,"Public Utilities",2024-07-05,2025-04-19
719,719,"Consumer Services",2024-11-21,2025-03-07
720,720,"Health Care",2024-10-10,2024-06-08
721,721,Transportation,2025-01-30,2025-05-17
722,722,n/a,2024-07-11,2025-04-11
723,723,"Basic Industries",2024-12-05,2024-09-29
724,724,n/a,2024-06-17,2024-11-06
725,725,n/a,2024-12-13,2025-01-28
726,726,"Consumer Services",2024-11-30,2025-03-30
727,727,"Public Utilities",2024-07-16,2024-07-22
728,728,"Health Care",2024-06-30,2024-06-16
729,729,Finance,2024-09-15,2025-05-20
730,730,Technology,2024-08-14,2024-10-16
731,731,Technology,2024-09-06,2024-10-16
732,732,Finance,2025-01-03,2024-08-22
733,733,n/a,2024-10-26,2024-11-15
734,734,"Consumer Services",2025-03-06,2024-09-21
735,735,"Public Utilities",2024-11-11,2024-07-14
736,736,"Consumer Services",2025-01-17,2024-10-31
737,737,"Health Care",2025-05-08,2024-10-05
738,738,Finance,2024-10-02,2025-02-21
739,739,Finance,2025-05-16,2024-12-07
740,740,"Public Utilities",2024-06-06,2024-07-07
741,741,n/a,2024-08-17,2025-02-05
742,742,"Capital Goods",2025-03-04,2025-04-16
743,743,"Consumer Non-Durables",2025-01-17,2024-06-27
744,744,n/a,2024-10-08,2024-07-03
745,745,n/a,2025-03-18,2025-05-14
746,746,n/a,2024-06-08,2024-10-21
747,747,Miscellaneous,2024-12-11,2025-02-15
748,748,Technology,2024-09-18,2024-11-25
749,749,Energy,2024-08-13,2024-11-15
750,750,n/a,2024-06-23,2025-04-22
751,751,"Consumer Non-Durables",2024-11-04,2024-07-13
752,752,"Capital Goods",2025-03-24,2025-05-20
753,753,"Consumer Services",2025-01-06,2024-12-29
754,754,n/a,2024-12-15,2025-02-19
755,755,Finance,2025-01-27,2025-02-03
756,756,"Health Care",2024-10-22,2025-04-14
757,757,"Public Utilities",2024-06-06,2024-07-09
758,758,"Consumer Non-Durables",2025-01-06,2025-04-13
759,759,n/a,2024-12-08,2025-03-29
760,760,Technology,2025-03-20,2024-09-05
761,761,n/a,2024-05-23,2025-01-13
762,762,n/a,2024-08-17,2024-12-04
763,763,"Consumer Services",2025-03-26,2025-04-30
764,764,Finance,2025-04-08,2024-07-20
765,765,"Basic Industries",2025-05-05,2024-06-24
766,766,n/a,2025-01-21,2024-07-20
767,767,"Consumer Durables",2024-06-13,2024-10-13
768,768,"Health Care",2024-12-24,2024-12-31
769,769,"Health Care",2024-06-06,2024-09-20
770,770,"Consumer Services",2024-10-24,2025-02-12
771,771,"Public Utilities",2024-12-17,2024-08-26
772,772,n/a,2024-09-23,2024-08-27
773,773,Miscellaneous,2024-05-24,2024-12-29
774,774,Finance,2025-02-08,2024-09-22
775,775,"Capital Goods",2025-04-07,2024-08-08
776,776,Finance,2024-07-20,2024-09-19
777,777,Finance,2025-05-09,2025-04-09
778,778,"Consumer Services",2025-04-12,2025-01-19
779,779,"Public Utilities",2025-04-24,2025-05-20
780,780,Energy,2025-03-27,2024-06-29
781,781,"Health Care",2025-04-14,2024-09-10
782,782,"Capital Goods",2024-06-17,2024-05-26
783,783,Finance,2024-11-14,2025-03-29
784,784,Technology,2024-11-01,2025-01-17
785,785,n/a,2024-07-10,2024-10-23
786,786,Energy,2025-04-28,2024-12-12
787,787,n/a,2025-02-22,2025-02-23
788,788,n/a,2024-09-14,2025-01-25
789,789,Finance,2025-04-01,2024-06-22
790,790,"Consumer Non-Durables",2025-01-06,2024-08-30
791,791,n/a,2024-06-23,2024-06-17
792,792,"Consumer Services",2024-12-29,2024-07-09
793,793,n/a,2025-03-26,2024-08-08
794,794,n/a,2025-03-22,2024-12-18
795,795,Energy,2024-12-04,2025-04-11
796,796,"Capital Goods",2024-07-18,2025-01-26
797,797,"Consumer Services",2025-01-23,2024-11-06
798,798,n/a,2024-08-08,2025-01-06
799,799,n/a,2024-05-27,2024-08-23
800,800,"Consumer Non-Durables",2025-05-01,2024-06-28
801,801,n/a,2025-05-06,2024-12-04
802,802,Technology,2025-04-12,2024-12-21
803,803,"Consumer Non-Durables",2025-01-22,2024-11-02
804,804,"Consumer Services",2024-12-22,2024-08-31
805,805,n/a,2024-07-16,2024-09-15
806,806,Finance,2025-03-01,2024-12-08
807,807,Technology,2025-04-23,2024-11-03
808,808,Finance,2024-10-14,2025-02-17
809,809,n/a,2025-01-23,2024-11-01
810,810,"Health Care",2024-09-02,2024-06-06
811,811,Finance,2024-08-08,2024-09-21
812,812,"Consumer Services",2024-07-16,2024-07-14
813,813,"Capital Goods",2025-04-02,2025-03-10
814,814,Technology,2024-10-07,2024-11-18
815,815,n/a,2024-12-30,2025-05-08
816,816,Technology,2024-11-06,2025-04-22
817,817,"Capital Goods",2024-08-22,2025-04-25
818,818,"Consumer Non-Durables",2024-06-23,2025-03-13
819,819,n/a,2025-04-23,2025-04-22
820,820,Technology,2025-03-20,2024-08-17
821,821,"Consumer Services",2024-11-16,2025-01-23
822,822,n/a,2024-10-21,2025-05-17
823,823,"Capital Goods",2024-06-29,2025-03-06
824,824,n/a,2024-10-11,2025-03-01
825,825,Technology,2024-12-22,2024-11-14
826,826,"Health Care",2024-07-16,2024-11-18
827,827,n/a,2025-03-10,2025-04-04
828,828,Finance,2024-07-28,2025-01-14
829,829,Energy,2024-06-02,2025-04-14
830,830,"Health Care",2024-12-01,2024-05-28
831,831,"Consumer Non-Durables",2025-01-29,2025-01-01
832,832,Technology,2024-11-14,2024-05-24
833,833,"Consumer Services",2024-10-06,2024-09-10
834,834,"Health Care",2024-09-22,2024-12-13
835,835,"Consumer Non-Durables",2024-07-27,2025-04-17
836,836,n/a,2024-10-19,2024-08-07
837,837,"Health Care",2025-02-18,2024-12-07
838,838,"Health Care",2024-10-11,2025-04-25
839,839,Finance,2025-05-02,2025-05-20
840,840,Technology,2024-12-25,2024-12-14
841,841,"Consumer Services",2024-12-29,2025-04-10
842,842,Technology,2024-08-12,2025-04-24
843,843,Miscellaneous,2025-01-28,2024-11-21
844,844,Finance,2024-10-18,2024-07-18
845,845,Finance,2024-11-17,2025-05-10
846,846,n/a,2024-11-25,2025-05-06
847,847,"Health Care",2024-05-23,2025-03-13
848,848,"Health Care",2025-02-05,2024-09-02
849,849,Miscellaneous,2024-12-30,2025-04-21
850,850,n/a,2024-11-16,2024-12-22
851,851,"Health Care",2024-08-03,2024-06-23
852,852,n/a,2024-12-12,2025-03-01
853,853,"Basic Industries",2025-02-01,2024-06-21
854,854,n/a,2024-08-08,2025-04-10
855,855,Technology,2024-10-04,2024-11-12
856,856,n/a,2025-03-10,2024-10-25
857,857,"Basic Industries",2025-02-05,2025-03-08
858,858,n/a,2024-06-30,2024-06-28
859,859,n/a,2024-11-11,2024-11-30
860,860,n/a,2024-07-25,2024-09-15
861,861,n/a,2024-05-28,2024-09-06
862,862,"Basic Industries",2024-09-22,2024-11-02
863,863,Transportation,2025-04-26,2024-08-15
864,864,n/a,2025-01-03,2024-07-14
865,865,Finance,2025-01-01,2024-09-17
866,866,"Public Utilities",2025-02-14,2025-01-10
867,867,n/a,2025-02-25,2025-04-06
868,868,n/a,2024-07-26,2024-12-11
869,869,"Consumer Services",2024-12-01,2025-05-15
870,870,Energy,2024-08-14,2024-06-24
871,871,"Consumer Services",2024-06-17,2025-05-03
872,872,n/a,2025-05-12,2024-09-21
873,873,"Consumer Non-Durables",2024-09-23,2025-02-25
874,874,n/a,2025-01-10,2024-10-01
875,875,Finance,2024-09-15,2024-07-10
876,876,"Consumer Services",2024-08-30,2025-03-16
877,877,"Consumer Services",2025-01-04,2024-09-12
878,878,n/a,2024-09-27,2024-07-15
879,879,"Consumer Services",2024-05-23,2024-12-08
880,880,Energy,2025-04-20,2025-04-17
881,881,"Public Utilities",2024-11-26,2024-09-06
882,882,"Basic Industries",2024-05-23,2025-04-17
883,883,n/a,2025-01-30,2024-06-30
884,884,Transportation,2024-09-04,2025-04-22
885,885,"Capital Goods",2025-01-30,2024-10-30
886,886,Energy,2024-11-04,2025-02-21
887,887,"Consumer Non-Durables",2024-10-01,2024-09-13
888,888,Finance,2025-05-10,2025-02-23
889,889,"Capital Goods",2024-11-13,2024-10-02
890,890,"Health Care",2025-01-02,2024-10-30
891,891,Finance,2024-11-13,2025-03-06
892,892,Finance,2024-09-29,2025-05-06
893,893,Finance,2024-07-23,2025-04-11
894,894,n/a,2024-09-01,2024-09-13
895,895,"Consumer Non-Durables",2024-10-20,2025-01-14
896,896,Technology,2024-06-13,2025-03-13
897,897,"Basic Industries",2024-09-11,2025-03-03
898,898,Finance,2025-04-30,2024-11-08
899,899,n/a,2024-08-07,2025-03-31
900,900,"Capital Goods",2024-06-02,2024-12-25
901,901,"Basic Industries",2024-12-14,2024-10-13
902,902,n/a,2024-09-18,2025-01-03
903,903,"Consumer Non-Durables",2024-09-25,2024-05-30
904,904,Finance,2024-10-23,2024-08-14
905,905,Technology,2024-06-22,2024-06-27
906,906,Finance,2024-12-19,2024-08-22
907,907,"Consumer Services",2025-01-08,2024-11-18
908,908,Finance,2024-09-10,2024-10-08
909,909,Technology,2024-06-02,2024-12-03
910,910,n/a,2024-12-25,2024-08-26
911,911,"Health Care",2024-06-12,2025-03-16
912,912,"Health Care",2025-02-25,2024-06-20
913,913,Finance,2025-05-01,2024-09-02
914,914,"Capital Goods",2024-07-14,2025-02-18
915,915,"Health Care",2025-01-13,2024-12-14
916,916,Finance,2025-03-09,2025-04-11
917,917,Transportation,2024-07-25,2025-05-07
918,918,Finance,2025-02-22,2024-08-22
919,919,n/a,2025-01-19,2025-03-11
920,920,"Health Care",2024-07-25,2024-06-22
921,921,Technology,2025-01-11,2025-03-23
922,922,n/a,2025-02-25,2024-05-27
923,923,"Health Care",2024-07-14,2024-09-08
924,924,"Consumer Services",2024-07-21,2025-05-21
925,925,"Health Care",2025-03-12,2024-08-10
926,926,"Consumer Non-Durables",2024-09-03,2024-06-29
927,927,n/a,2025-05-07,2025-02-10
928,928,"Consumer Services",2025-02-12,2024-10-28
929,929,"Health Care",2024-09-25,2025-01-25
930,930,n/a,2025-03-09,2024-11-30
931,931,Finance,2024-05-30,2025-04-11
932,932,"Public Utilities",2024-10-25,2025-04-30
933,933,n/a,2025-01-03,2025-01-22
934,934,"Health Care",2024-06-06,2025-01-18
935,935,n/a,2024-07-21,2024-06-23
936,936,"Public Utilities",2025-02-22,2024-06-27
937,937,"Consumer Services",2025-05-14,2024-10-06
938,938,n/a,2024-12-18,2024-12-09
939,939,Technology,2025-02-01,2024-07-14
940,940,n/a,2024-11-23,2025-02-08
941,941,"Health Care",2024-06-02,2025-02-20
942,942,"Public Utilities",2025-02-10,2024-11-14
943,943,"Health Care",2024-09-01,2024-08-27
944,944,"Basic Industries",2025-01-06,2025-05-05
945,945,n/a,2024-07-07,2025-02-06
946,946,"Consumer Durables",2024-09-25,2024-08-21
947,947,n/a,2024-09-17,2024-09-25
948,948,Finance,2024-11-18,2025-04-19
949,949,Finance,2025-02-19,2024-05-28
950,950,"Consumer Durables",2025-05-17,2024-08-18
951,951,"Health Care",2024-10-21,2025-04-06
952,952,Finance,2025-04-24,2024-09-28
953,953,n/a,2024-12-05,2024-08-09
954,954,Transportation,2024-12-29,2025-02-02
955,955,Energy,2024-10-26,2024-06-24
956,956,"Basic Industries",2024-12-19,2025-05-11
957,957,"Health Care",2024-06-21,2025-05-15
958,958,"Basic Industries",2024-10-17,2025-03-06
959,959,"Capital Goods",2024-11-18,2024-07-21
960,960,n/a,2024-09-11,2024-09-18
961,961,Energy,2024-12-05,2024-11-15
962,962,n/a,2024-09-13,2024-09-16
963,963,"Health Care",2024-06-02,2025-05-22
964,964,"Consumer Services",2024-08-05,2024-07-26
965,965,n/a,2025-02-06,2024-11-29
966,966,n/a,2024-07-08,2025-02-11
967,967,n/a,2024-09-23,2024-12-01
968,968,"Health Care",2025-01-26,2024-11-05
969,969,Finance,2025-03-19,2024-06-24
970,970,"Public Utilities",2025-05-10,2025-01-14
971,971,Finance,2025-01-26,2024-12-29
972,972,n/a,2024-10-07,2024-06-29
973,973,n/a,2024-07-20,2025-03-03
974,974,"Consumer Services",2024-07-15,2025-04-10
975,975,n/a,2024-11-16,2024-09-29
976,976,"Health Care",2024-08-21,2025-01-08
977,977,n/a,2025-03-24,2025-04-26
978,978,"Consumer Services",2025-02-03,2025-03-01
979,979,Technology,2025-02-01,2025-03-21
980,980,"Health Care",2024-11-03,2025-03-28
981,981,Technology,2024-08-25,2025-03-11
982,982,Energy,2024-06-09,2024-09-15
983,983,Finance,2025-04-12,2025-05-11
984,984,"Health Care",2024-12-21,2024-11-03
985,985,"Consumer Services",2024-07-02,2025-01-04
986,986,Finance,2025-03-05,2024-08-15
987,987,"Consumer Services",2024-12-05,2024-08-02
988,988,n/a,2024-07-22,2024-07-30
989,989,n/a,2025-01-15,2025-03-11
990,990,"Consumer Durables",2025-02-18,2024-06-13
991,991,Finance,2024-07-26,2025-02-25
992,992,"Basic Industries",2024-07-21,2025-03-31
993,993,"Health Care",2024-08-04,2025-01-14
994,994,Finance,2024-12-21,2025-02-09
995,995,n/a,2024-12-18,2024-08-23
996,996,n/a,2024-08-23,2025-02-19
997,997,n/a,2024-10-26,2024-08-07
998,998,Finance,2024-10-04,2024-08-18
999,999,"Basic Industries",2024-10-01,2025-05-19
1000,1000,"Health Care",2024-08-15,2024-12-30
